{"val_loss": 0.8487438559532166, "epoch": 4, "trainer/global_step": 594, "_timestamp": 1674225126.106366, "_runtime": 424.2959568500519, "_step": 9, "train_loss": 0.765518307685852, "_wandb": {"runtime": 481}}