{"val_loss": 4.50789213180542, "epoch": 0, "trainer/global_step": 237, "_timestamp": 1674232474.9877868, "_runtime": 193.0695776939392, "_step": 1, "train_loss": 4.957456111907959, "_wandb": {"runtime": 241}}