{"val_loss": 4.430791854858398, "epoch": 3, "trainer/global_step": 951, "_timestamp": 1674232217.994352, "_runtime": 684.7010362148285, "_step": 7, "train_loss": 3.2884302139282227, "_wandb": {"runtime": 728}}