{"val_loss": 5.083647727966309, "epoch": 3, "trainer/global_step": 951, "_timestamp": 1674230464.3207073, "_runtime": 695.4973523616791, "_step": 7, "train_loss": 2.425861120223999, "_wandb": {"runtime": 694}}