{"val_loss": 0.8470872044563293, "epoch": 0, "trainer/global_step": 237, "_timestamp": 1674229002.9999142, "_runtime": 181.31522011756897, "_step": 1, "train_loss": 0.849862813949585, "_wandb": {"runtime": 193}}