{"val_loss": -2.8526535034179688, "epoch": 0, "trainer/global_step": 118, "_timestamp": 1674226639.670965, "_runtime": 98.68981504440308, "_step": 1, "train_loss": -0.5737155675888062, "_wandb": {"runtime": 99}}