{"val_loss": 0.9207251071929932, "epoch": 0, "trainer/global_step": 118, "_timestamp": 1674224362.7181332, "_runtime": 92.85111331939697, "_step": 0, "_wandb": {"runtime": 91}}