{"val_loss": 4.313394546508789, "epoch": 22, "trainer/global_step": 5473, "_timestamp": 1674234133.2854962, "_runtime": 271.25241231918335, "_step": 45, "train_loss": 3.486558675765991, "_wandb": {"runtime": 270}}