{"val_loss": 0.4850102961063385, "epoch": 0, "trainer/global_step": 237, "_timestamp": 1674226970.4433658, "_runtime": 156.41217875480652, "_step": 1, "train_loss": 0.1437196582555771, "_wandb": {"runtime": 190}}