{"val_loss": 3.549147367477417, "epoch": 0, "trainer/global_step": 237, "_timestamp": 1674229715.9377038, "_runtime": 183.95687294006348, "_step": 1, "train_loss": 3.1455729007720947, "_wandb": {"runtime": 223}}