{"val_loss": 0.8956446051597595, "epoch": 1, "trainer/global_step": 237, "_timestamp": 1674224558.8330035, "_runtime": 169.19791460037231, "_step": 3, "train_loss": 0.8593496084213257, "_wandb": {"runtime": 218}}