{"val_loss": -0.6274130344390869, "epoch": 0, "trainer/global_step": 237, "_timestamp": 1674222728.8909953, "_runtime": 143.2296223640442, "_step": 0, "_wandb": {"runtime": 142}}