{"val_loss": 4.335227966308594, "epoch": 23, "trainer/global_step": 5711, "_timestamp": 1674233281.3660252, "_runtime": 280.43122720718384, "_step": 47, "train_loss": 3.478156805038452, "_wandb": {"runtime": 279}}