{"val_loss": 4.512422561645508, "epoch": 4, "trainer/global_step": 1189, "_timestamp": 1674232977.1183102, "_runtime": 69.80699419975281, "_step": 9, "train_loss": 3.2654268741607666, "_wandb": {"runtime": 69}}